<ImportExportXml version="9.1.0.22538" SolutionPackageVersion="9.1" languagecode="1033" generatedBy="CrmLive" xmlns:xsi="http://www.w3.org/2001/XMLSchema-instance">
  <SolutionManifest>
    <UniqueName>CompanyAnnouncements</UniqueName>
    <LocalizedNames>
      <LocalizedName description="Company Announcements" languagecode="1033" />
    </LocalizedNames>
    <Descriptions>
      <Description description="A solution using the Notiivy connector to alert recipients of company announcements in Dynamics 365" languagecode="1033" />
    </Descriptions>
    <Version>1.0.0.1</Version>
    <Managed>0</Managed>
    <Publisher>
      <UniqueName>notiivy</UniqueName>
      <LocalizedNames>
        <LocalizedName description="Notiivy" languagecode="1033" />
      </LocalizedNames>
      <Descriptions />
      <EMailAddress>support@notiivy.com</EMailAddress>
      <SupportingWebsiteUrl>https://www.notiivy.com</SupportingWebsiteUrl>
      <CustomizationPrefix>ntvy</CustomizationPrefix>
      <CustomizationOptionValuePrefix>78187</CustomizationOptionValuePrefix>
      <Addresses>
        <Address>
          <AddressNumber>1</AddressNumber>
          <AddressTypeCode>1</AddressTypeCode>
          <City>Perth</City>
          <County xsi:nil="true"></County>
          <Country>Australia</Country>
          <Fax xsi:nil="true"></Fax>
          <FreightTermsCode xsi:nil="true"></FreightTermsCode>
          <ImportSequenceNumber xsi:nil="true"></ImportSequenceNumber>
          <Latitude xsi:nil="true"></Latitude>
          <Line1 xsi:nil="true"></Line1>
          <Line2 xsi:nil="true"></Line2>
          <Line3 xsi:nil="true"></Line3>
          <Longitude xsi:nil="true"></Longitude>
          <Name xsi:nil="true"></Name>
          <PostalCode xsi:nil="true"></PostalCode>
          <PostOfficeBox xsi:nil="true"></PostOfficeBox>
          <PrimaryContactName xsi:nil="true"></PrimaryContactName>
          <ShippingMethodCode>1</ShippingMethodCode>
          <StateOrProvince>Western Australia</StateOrProvince>
          <Telephone1 xsi:nil="true"></Telephone1>
          <Telephone2 xsi:nil="true"></Telephone2>
          <Telephone3 xsi:nil="true"></Telephone3>
          <TimeZoneRuleVersionNumber xsi:nil="true"></TimeZoneRuleVersionNumber>
          <UPSZone xsi:nil="true"></UPSZone>
          <UTCOffset xsi:nil="true"></UTCOffset>
          <UTCConversionTimeZoneCode xsi:nil="true"></UTCConversionTimeZoneCode>
        </Address>
        <Address>
          <AddressNumber>2</AddressNumber>
          <AddressTypeCode>1</AddressTypeCode>
          <City xsi:nil="true"></City>
          <County xsi:nil="true"></County>
          <Country xsi:nil="true"></Country>
          <Fax xsi:nil="true"></Fax>
          <FreightTermsCode xsi:nil="true"></FreightTermsCode>
          <ImportSequenceNumber xsi:nil="true"></ImportSequenceNumber>
          <Latitude xsi:nil="true"></Latitude>
          <Line1 xsi:nil="true"></Line1>
          <Line2 xsi:nil="true"></Line2>
          <Line3 xsi:nil="true"></Line3>
          <Longitude xsi:nil="true"></Longitude>
          <Name xsi:nil="true"></Name>
          <PostalCode xsi:nil="true"></PostalCode>
          <PostOfficeBox xsi:nil="true"></PostOfficeBox>
          <PrimaryContactName xsi:nil="true"></PrimaryContactName>
          <ShippingMethodCode>1</ShippingMethodCode>
          <StateOrProvince xsi:nil="true"></StateOrProvince>
          <Telephone1 xsi:nil="true"></Telephone1>
          <Telephone2 xsi:nil="true"></Telephone2>
          <Telephone3 xsi:nil="true"></Telephone3>
          <TimeZoneRuleVersionNumber xsi:nil="true"></TimeZoneRuleVersionNumber>
          <UPSZone xsi:nil="true"></UPSZone>
          <UTCOffset xsi:nil="true"></UTCOffset>
          <UTCConversionTimeZoneCode xsi:nil="true"></UTCConversionTimeZoneCode>
        </Address>
      </Addresses>
    </Publisher>
    <RootComponents>
      <RootComponent type="1" schemaName="ntvy_announcement" behavior="0" />
      <RootComponent type="9" schemaName="ntvy_notiivycategory" behavior="0" />
      <RootComponent type="29" id="{04755b8f-f2f6-ea11-a815-000d3aca9147}" behavior="0" />
      <RootComponent type="29" id="{495170b2-74e6-ea11-a817-000d3aca9147}" behavior="0" />
      <RootComponent type="61" schemaName="ntvy_/icons/announcement_16.png" behavior="0" />
      <RootComponent type="61" schemaName="ntvy_/icons/announcement_32.png" behavior="0" />
    </RootComponents>
    <MissingDependencies>
      <MissingDependency>
        <Required key="0" type="66" schemaName="MscrmControls.RichTextEditor.RichTextEditorControl" displayName="MscrmControls.RichTextEditor.RichTextEditorControl" solution="msdyn_RichTextEditor (1.0.0.157)" />
        <Dependent key="1" type="60" displayName="Information" parentDisplayName="Announcement" id="{f0c5afd3-5e6b-4bbb-b1e7-6ecdebc9c552}" />
      </MissingDependency>
      <MissingDependency>
        <Required key="2" type="connectionreference" displayName="ntvy_sharedcommondataserviceforapps_161d8" solution="Active" id.connectionreferencelogicalname="ntvy_sharedcommondataserviceforapps_161d8" />
        <Dependent key="3" type="29" displayName="Send Announcement to Recipients" id="{04755b8f-f2f6-ea11-a815-000d3aca9147}" />
      </MissingDependency>
      <MissingDependency>
        <Required key="4" type="connectionreference" displayName="ntvy_sharednotiivybrowsernotif_1410b" solution="Active" id.connectionreferencelogicalname="ntvy_sharednotiivybrowsernotif_1410b" />
        <Dependent key="3" type="29" displayName="Send Announcement to Recipients" id="{04755b8f-f2f6-ea11-a815-000d3aca9147}" />
      </MissingDependency>
    </MissingDependencies>
  </SolutionManifest>
</ImportExportXml>