{"properties":{"connectionReferences":{"shared_notiivybrowsernotif":{"runtimeSource":"embedded","connection":{"connectionReferenceLogicalName":"ntvy_sharednotiivybrowsernotif_1410b"},"api":{"name":"shared_notiivybrowsernotif"}},"shared_commondataserviceforapps":{"runtimeSource":"embedded","connection":{"connectionReferenceLogicalName":"ntvy_sharedcommondataserviceforapps_161d8"},"api":{"name":"shared_commondataserviceforapps"}}},"definition":{"$schema":"https://schema.management.azure.com/providers/Microsoft.Logic/schemas/2016-06-01/workflowdefinition.json#","contentVersion":"1.0.0.0","parameters":{"$connections":{"defaultValue":{},"type":"Object"},"$authentication":{"defaultValue":{},"type":"SecureObject"}},"triggers":{"When_a_record_is_created,_updated_or_deleted":{"type":"OpenApiConnectionWebhook","inputs":{"host":{"connectionName":"shared_commondataserviceforapps","operationId":"SubscribeWebhookTrigger","apiId":"/providers/Microsoft.PowerApps/apis/shared_commondataserviceforapps"},"parameters":{"subscriptionRequest/message":4,"subscriptionRequest/entityname":"ntvy_announcement","subscriptionRequest/scope":4,"subscriptionRequest/filteringattributes":"statuscode"},"authentication":"@parameters('$authentication')"},"conditions":[{"expression":"@equals(triggerBody()?['statuscode'],781870000)"}]}},"actions":{"Condition":{"actions":{"Send_a_notification_to_many_recipients":{"runAfter":{},"type":"OpenApiConnection","inputs":{"host":{"connectionName":"shared_notiivybrowsernotif","operationId":"SendToAll","apiId":"/providers/Microsoft.PowerApps/apis/shared_notiivybrowsernotif"},"parameters":{"Message Detail/category":"@triggerOutputs()?['body/_ntvy_notiivyrecipientcategory_label']","Message Detail/notification/title":"@triggerOutputs()?['body/ntvy_title']","Message Detail/notification/body":"@triggerOutputs()?['body/ntvy_messagebody']","Message Detail/notification/image":"@triggerOutputs()?['body/ntvy_headerimageurl']","Message Detail/notification/icon":"@triggerOutputs()?['body/ntvy_iconurl']","Message Detail/notification/requireInteraction":"@triggerOutputs()?['body/ntvy_requiresinteraction']","Message Detail/notification/actions":[{"action":"https://notiivy.crm6.dynamics.com/main.aspx?newWindow=true&pagetype=entityrecord&etn=ntvy_announcement&id=@{triggerOutputs()?['body/ntvy_announcementid']}","title":"Read More"}]},"authentication":"@parameters('$authentication')"}},"Update_a_record":{"runAfter":{"Send_a_notification_to_many_recipients":["Succeeded"]},"type":"OpenApiConnection","inputs":{"host":{"connectionName":"shared_commondataserviceforapps","operationId":"UpdateRecord","apiId":"/providers/Microsoft.PowerApps/apis/shared_commondataserviceforapps"},"parameters":{"entityName":"ntvy_announcements","recordId":"@triggerOutputs()?['body/ntvy_announcementid']","item/statecode":1,"item/statuscode":2},"authentication":"@parameters('$authentication')"}}},"runAfter":{},"else":{"actions":{"Terminate":{"runAfter":{},"type":"Terminate","inputs":{"runStatus":"Cancelled"}}}},"expression":{"equals":["@triggerOutputs()?['body/ntvy_sendnotiivynotification']",true]},"type":"If"}},"outputs":{}}},"schemaVersion":"1.0.0.0"}